<?xml version="1.0" encoding="UTF-16"?>
<Task version="1.4" xmlns="http://schemas.microsoft.com/windows/2004/02/mit/task">
  <RegistrationInfo>
    <Date>2025-05-12T22:00:00</Date>
    <Author>User</Author>
    <Description>Weekly Maintenance Script every Sunday at 10PM</Description>
  </RegistrationInfo>
  <Triggers>
    <CalendarTrigger>
      <StartBoundary>2025-05-12T22:00:00</StartBoundary>
      <Enabled>true</Enabled>
      <ScheduleByWeek>
        <DaysOfWeek>
          <Sunday/>
        </DaysOfWeek>
        <WeeksInterval>1</WeeksInterval>
      </ScheduleByWeek>
    </CalendarTrigger>
  </Triggers>
  <Principals>
    <Principal id="Author">
      <RunLevel>HighestAvailable</RunLevel>
      <UserId>S-1-5-18</UserId>
      <LogonType>Password</LogonType>
    </Principal>
  </Principals>
  <Settings>
    <MultipleInstancesPolicy>IgnoreNew</MultipleInstancesPolicy>
    <DisallowStartIfOnBatteries>false</DisallowStartIfOnBatteries>
    <StopIfGoingOnBatteries>false</StopIfGoingOnBatteries>
    <AllowHardTerminate>true</AllowHardTerminate>
    <StartWhenAvailable>true</StartWhenAvailable>
    <RunOnlyIfNetworkAvailable>false</RunOnlyIfNetworkAvailable>
    <IdleSettings>
      <StopOnIdleEnd>false</StopOnIdleEnd>
      <RestartOnIdle>false</RestartOnIdle>
    </IdleSettings>
    <AllowStartOnDemand>true</AllowStartOnDemand>
    <Enabled>true</Enabled>
    <Hidden>false</Hidden>
    <RunOnlyIfIdle>false</RunOnlyIfIdle>
    <WakeToRun>false</WakeToRun>
    <ExecutionTimeLimit>PT1H</ExecutionTimeLimit>
    <Priority>7</Priority>
  </Settings>
  <Actions Context="Author">
    <Exec>
      <Command>python</Command>
      <Arguments>D:\Scripts\weekly_maintenance.py</Arguments>
    </Exec>
  </Actions>
</Task>
